{"nighttab":true,"version":"6.1.1","state":{"header":{"area":{"width":88,"justify":"center","align":"baseline"},"item":{"justify":"left"},"greeting":{"show":true,"type":"good","name":"","size":3.3,"newLine":false},"clock":{"hours":{"show":true,"display":"number"},"minutes":{"show":true,"display":"number"},"seconds":{"show":false,"display":"number"},"separator":{"show":true,"text":""},"meridiem":{"show":true},"hour24":{"show":true},"size":0.9,"newLine":false},"transitional":{"show":false,"type":"timeanddate","size":1,"newLine":false},"date":{"day":{"show":true,"display":"word","weekStart":"sunday","length":"long"},"date":{"show":true,"display":"number","ordinal":false},"month":{"show":true,"display":"word","length":"long","ordinal":false},"year":{"show":false,"display":"number"},"separator":{"show":true,"text":""},"format":"datemonth","size":1,"newLine":false},"search":{"show":true,"style":"box","width":{"by":"custom","size":94},"focus":false,"engine":{"selected":"google","google":{"url":"https://www.google.com/search","name":"Google"},"duckduckgo":{"url":"https://duckduckgo.com/","name":"DuckDuckGo"},"youtube":{"url":"https://www.youtube.com/results?search_query=","name":"YouTube"},"giphy":{"url":"https://giphy.com/search/","name":"Giphy"},"bing":{"url":"https://www.bing.com/search?q=","name":"Bing"},"custom":{"url":"","name":"","queryName":""}},"text":{"justify":"center"},"size":1.1,"opacity":1,"newLine":false,"newTab":false},"editAdd":{"show":true,"size":0.8,"opacity":1,"newLine":false},"colorAccent":{"dot":{"show":true},"show":true,"size":1,"opacity":1,"newLine":false},"menu":{"show":true,"size":1.4,"opacity":1,"newLine":false},"order":["greeting","transitional","clock","date","search","editAdd","colorAccent","menu"],"border":{"top":0,"bottom":0},"color":{"by":"theme","hsl":{"h":0,"s":0,"l":0},"rgb":{"r":0,"g":0,"b":0},"style":"always","opacity":0.95,"show":false,"newLine":false},"position":"inline","radius":false},"link":{"area":{"width":100,"direction":"ltr","justify":"center"},"item":{"color":{"by":"theme","hsl":{"h":0,"s":0,"l":100},"rgb":{"r":255,"g":255,"b":255},"opacity":1},"accent":{"by":"theme","hsl":{"h":0,"s":0,"l":0},"rgb":{"r":0,"g":0,"b":0}},"background":{"opacity":1},"display":{"visual":{"letter":{"size":2.6},"icon":{"size":3},"image":{"size":3},"shadow":{"size":0}},"name":{"show":true,"size":0.9},"gutter":2,"direction":"vertical","order":"visualname","alignment":"centercenter","rotate":0,"translate":{"x":0,"y":0}},"url":{"show":true},"line":{"show":true},"shadow":{"show":true},"hoverScale":{"show":true},"newTab":false,"size":1,"border":2},"show":true,"add":false,"edit":false,"style":"block","orientation":"bottom","breakpoint":"md"},"group":{"area":{"justify":"left"},"name":{"show":true,"size":0.7},"openAll":{"show":true,"size":0.9,"opacity":1},"border":0,"order":"headerbody","add":false,"edit":false},"layout":{"alignment":"centercenter","order":"headerlink","direction":"horizontal","padding":10,"gutter":2,"size":0.8,"width":61,"scrollPastEnd":false,"scrollbars":"none","title":""},"theme":{"accent":{"hsl":{"h":180,"s":80,"l":37},"rgb":{"r":19,"g":170,"b":170},"random":{"active":false,"style":"any"},"cycle":{"active":false,"speed":300,"step":10}},"color":{"hsl":{"h":215,"s":18,"l":32},"rgb":{"r":67,"g":79,"b":96},"contrast":{"light":2,"dark":2},"generated":{"negative":{"1":{"r":63,"g":74,"b":90},"2":{"r":59,"g":69,"b":84},"3":{"r":54,"g":64,"b":78},"4":{"r":50,"g":59,"b":72},"5":{"r":46,"g":54,"b":66},"6":{"r":42,"g":49,"b":60},"7":{"r":38,"g":44,"b":54},"8":{"r":33,"g":39,"b":48},"9":{"r":29,"g":35,"b":42},"10":{"r":25,"g":30,"b":36}},"positive":{"1":{"r":71,"g":84,"b":102},"2":{"r":75,"g":89,"b":108},"3":{"r":80,"g":94,"b":114},"4":{"r":84,"g":99,"b":120},"5":{"r":88,"g":104,"b":126},"6":{"r":92,"g":109,"b":132},"7":{"r":96,"g":114,"b":138},"8":{"r":101,"g":119,"b":144},"9":{"r":105,"g":123,"b":150},"10":{"r":111,"g":129,"b":154}}}},"font":{"display":{"name":"Unica One","weight":400,"style":"normal"},"ui":{"name":"Inria Sans","weight":400,"style":"normal"}},"style":"dark","radius":0.5,"shadow":0.75,"shade":{"opacity":0},"custom":{"all":[],"edit":false}},"background":{"color":{"by":"theme","hsl":{"h":0,"s":0,"l":0},"rgb":{"r":0,"g":0,"b":0}},"visual":{"show":false,"type":"image","image":{"type":"file","file":{"name":"","data":""},"url":""},"video":{"url":""},"blur":0,"scale":1,"opacity":1,"grayscale":0,"accent":0,"vignette":{"opacity":0,"start":90,"end":70}}},"edit":false,"pagelock":true,"shade":true,"edge":false,"search":false,"menu":true,"modal":false,"dropdown":false,"autoSuggest":false},"bookmarks":[{"name":{"text":"Cool stuff","show":true},"openAll":{"show":true},"items":[{"display":{"direction":"vertical","order":"visualname","alignment":"centercenter","gutter":2,"rotate":0,"translate":{"x":0,"y":0},"visual":{"show":true,"type":"icon","letter":{"size":3,"text":"AS"},"image":{"size":3,"url":""},"icon":{"size":3,"name":"dice-d20","prefix":"fas","label":"Dice D20"},"shadow":{"size":0}},"name":{"show":false,"text":"awesomeSheet","size":0.9}},"url":"https://zombiefox.github.io/awesomeSheet/","accent":{"by":"theme","hsl":{"h":0,"s":0,"l":0},"rgb":{"r":0,"g":0,"b":0}},"color":{"by":"theme","hsl":{"h":0,"s":0,"l":0},"rgb":{"r":0,"g":0,"b":0},"opacity":1},"background":{"show":false,"type":"image","opacity":1,"image":{"url":""},"video":{"url":""}},"wide":false,"tall":false,"searchMatch":false,"timeStamp":1546453104010},{"display":{"direction":"vertical","order":"visualname","alignment":"centercenter","gutter":2,"rotate":0,"translate":{"x":0,"y":0},"visual":{"show":true,"type":"letter","letter":{"size":3,"text":"AZ"},"image":{"size":3,"url":""},"icon":{"size":3,"name":"amazon","prefix":"fab","label":"Amazon"},"shadow":{"size":0}},"name":{"show":false,"text":"Amazon","size":0.9}},"url":"https://www.amazon.co.uk/","accent":{"by":"theme","hsl":{"h":0,"s":0,"l":0},"rgb":{"r":0,"g":0,"b":0}},"color":{"by":"theme","hsl":{"h":0,"s":0,"l":0},"rgb":{"r":0,"g":0,"b":0},"opacity":1},"background":{"show":false,"type":"image","opacity":1,"image":{"url":""},"video":{"url":""}},"wide":false,"tall":false,"searchMatch":false,"timeStamp":1546453107633},{"display":{"direction":"vertical","order":"visualname","alignment":"centercenter","gutter":2,"rotate":0,"translate":{"x":0,"y":0},"visual":{"show":true,"type":"letter","letter":{"size":3,"text":"DR"},"image":{"size":3,"url":""},"icon":{"size":3,"name":"","prefix":"","label":""},"shadow":{"size":0}},"name":{"show":false,"text":"Drive","size":0.9}},"url":"https://drive.google.com/drive/","accent":{"by":"theme","hsl":{"h":0,"s":0,"l":0},"rgb":{"r":0,"g":0,"b":0}},"color":{"by":"theme","hsl":{"h":0,"s":0,"l":0},"rgb":{"r":0,"g":0,"b":0},"opacity":1},"background":{"show":false,"type":"image","opacity":1,"image":{"url":""},"video":{"url":""}},"wide":false,"tall":false,"searchMatch":false,"timeStamp":1546453111953},{"display":{"direction":"vertical","order":"visualname","alignment":"centercenter","gutter":2,"rotate":0,"translate":{"x":0,"y":0},"visual":{"show":true,"type":"letter","letter":{"size":3,"text":"GM"},"image":{"size":3,"url":""},"icon":{"size":3,"name":"envelope","prefix":"fas","label":"Envelope"},"shadow":{"size":0}},"name":{"show":false,"text":"Gmail","size":0.9}},"url":"https://mail.google.com/","accent":{"by":"theme","hsl":{"h":0,"s":0,"l":0},"rgb":{"r":0,"g":0,"b":0}},"color":{"by":"theme","hsl":{"h":0,"s":0,"l":0},"rgb":{"r":0,"g":0,"b":0},"opacity":1},"background":{"show":false,"type":"image","opacity":1,"image":{"url":""},"video":{"url":""}},"wide":false,"tall":false,"searchMatch":false,"timeStamp":1546453110265},{"display":{"direction":"vertical","order":"visualname","alignment":"centercenter","gutter":2,"rotate":0,"translate":{"x":0,"y":0},"visual":{"show":true,"type":"icon","letter":{"size":3,"text":"N"},"image":{"size":3,"url":""},"icon":{"size":3,"name":"film","prefix":"fas","label":"Film"},"shadow":{"size":0}},"name":{"show":false,"text":"Netflix","size":0.9}},"url":"https://www.netflix.com/","accent":{"by":"theme","hsl":{"h":0,"s":0,"l":0},"rgb":{"r":0,"g":0,"b":0}},"color":{"by":"theme","hsl":{"h":0,"s":0,"l":0},"rgb":{"r":0,"g":0,"b":0},"opacity":1},"background":{"show":false,"type":"image","opacity":1,"image":{"url":""},"video":{"url":""}},"wide":false,"tall":false,"searchMatch":false,"timeStamp":1546453104460},{"display":{"direction":"vertical","order":"visualname","alignment":"centercenter","gutter":2,"rotate":0,"translate":{"x":0,"y":0},"visual":{"show":true,"type":"icon","letter":{"size":3,"text":"R"},"image":{"size":3,"url":""},"icon":{"size":3,"name":"reddit-alien","prefix":"fab","label":"reddit Alien"},"shadow":{"size":0}},"name":{"show":false,"text":"Reddit","size":0.9}},"url":"https://www.reddit.com/","accent":{"by":"theme","hsl":{"h":0,"s":0,"l":0},"rgb":{"r":0,"g":0,"b":0}},"color":{"by":"theme","hsl":{"h":0,"s":0,"l":0},"rgb":{"r":0,"g":0,"b":0},"opacity":1},"background":{"show":false,"type":"image","opacity":1,"image":{"url":""},"video":{"url":""}},"wide":false,"tall":false,"searchMatch":false,"timeStamp":1546453111491}]},{"name":{"text":"Dev sites","show":true},"openAll":{"show":true},"items":[{"display":{"direction":"vertical","order":"visualname","alignment":"centercenter","gutter":2,"rotate":0,"translate":{"x":0,"y":0},"visual":{"show":true,"type":"icon","letter":{"size":3,"text":"DEV"},"image":{"size":3,"url":""},"icon":{"size":3,"name":"code","prefix":"fas","label":"Code"},"shadow":{"size":0}},"name":{"show":false,"text":"Devdocs","size":0.9}},"url":"http://devdocs.io/","accent":{"by":"theme","hsl":{"h":0,"s":0,"l":0},"rgb":{"r":0,"g":0,"b":0}},"color":{"by":"theme","hsl":{"h":0,"s":0,"l":0},"rgb":{"r":0,"g":0,"b":0},"opacity":1},"background":{"show":false,"type":"image","opacity":1,"image":{"url":""},"video":{"url":""}},"wide":false,"tall":false,"searchMatch":false,"timeStamp":1546453101749},{"display":{"direction":"vertical","order":"visualname","alignment":"centercenter","gutter":2,"rotate":0,"translate":{"x":0,"y":0},"visual":{"show":true,"type":"icon","letter":{"size":3,"text":"GIT"},"image":{"size":3,"url":""},"icon":{"size":3,"name":"github","prefix":"fab","label":"GitHub"},"shadow":{"size":0}},"name":{"show":false,"text":"Github","size":0.9}},"url":"https://github.com/","accent":{"by":"theme","hsl":{"h":0,"s":0,"l":0},"rgb":{"r":0,"g":0,"b":0}},"color":{"by":"theme","hsl":{"h":0,"s":0,"l":0},"rgb":{"r":0,"g":0,"b":0},"opacity":1},"background":{"show":false,"type":"image","opacity":1,"image":{"url":""},"video":{"url":""}},"wide":false,"tall":false,"searchMatch":false,"timeStamp":1546453108926}]}]}