{"nighttab":true,"version":"6.0.0","state":{"header":{"area":{"width":47,"justify":"center","align":"center"},"item":{"justify":"center"},"clock":{"hours":{"show":true,"display":"number"},"minutes":{"show":true,"display":"number"},"seconds":{"show":false,"display":"number"},"separator":{"show":true,"text":":"},"meridiem":{"show":false},"hour24":{"show":false},"size":3,"newLine":true},"date":{"day":{"show":false,"display":"word","weekStart":"monday","length":"long"},"date":{"show":true,"display":"number","ordinal":true},"month":{"show":true,"display":"word","length":"long","ordinal":true},"year":{"show":false,"display":"number"},"separator":{"show":true,"text":"/"},"format":"datemonth","size":1,"newLine":true},"search":{"show":false,"width":{"by":"auto","size":30},"focus":false,"engine":{"selected":"google","google":{"url":"https://www.google.com/search","name":"Google"},"duckduckgo":{"url":"https://duckduckgo.com/","name":"DuckDuckGo"},"youtube":{"url":"https://www.youtube.com/results?search_query=","name":"YouTube"},"giphy":{"url":"https://giphy.com/search/","name":"Giphy"},"bing":{"url":"https://www.bing.com/search?q=","name":"Bing"},"custom":{"url":"","name":"","queryName":""}},"text":{"justify":"center"},"size":1,"newLine":false,"newTab":false,"opacity":1},"border":{"top":0,"bottom":0},"greeting":{"show":false,"type":"good","name":"","size":1,"newLine":false},"transitional":{"show":false,"type":"timeanddate","size":1,"newLine":false},"position":"sticky","radius":false,"color":{"show":true,"style":"scroll","opacity":0.95,"by":"theme","rgb":{"r":0,"g":0,"b":0},"hsl":{"h":0,"s":0,"l":0}},"order":["greeting","transitional","clock","date","search","editAdd","colorAccent","menu"],"menu":{"show":true,"size":1,"newLine":true,"opacity":0},"editAdd":{"show":true,"size":1,"newLine":true,"opacity":0},"colorAccent":{"dot":{"show":false},"show":true,"size":1,"newLine":true,"opacity":0}},"link":{"area":{"width":100,"justify":"center","direction":"ltr"},"item":{"color":{"hsl":{"h":0,"s":0,"l":0},"rgb":{"r":0,"g":0,"b":0},"opacity":1,"by":"theme"},"display":{"name":{"show":false,"size":0.9},"gutter":2,"direction":"vertical","order":"visualname","alignment":"centercenter","rotate":0,"translate":{"x":0,"y":0.4},"visual":{"letter":{"size":3},"icon":{"size":3},"image":{"size":3},"shadow":{"size":0}}},"url":{"show":true},"line":{"show":false},"shadow":{"show":true},"hoverScale":{"show":false},"newTab":false,"size":1,"border":0,"accent":{"hsl":{"h":0,"s":0,"l":0},"rgb":{"r":0,"g":0,"b":0},"by":"theme"},"background":{"opacity":1}},"show":true,"add":false,"edit":false,"style":"block","orientation":"bottom","breakpoint":"lg"},"group":{"area":{"justify":"left"},"name":{"size":1},"border":0,"order":"headerbody","add":false,"edit":false,"openAll":{"size":1,"opacity":1}},"layout":{"alignment":"centercenter","order":"linkheader","padding":3,"gutter":3,"size":1,"width":80,"scrollPastEnd":false,"title":"New Tab","scrollbars":"auto","direction":"horizontal"},"theme":{"accent":{"random":{"active":false,"style":"any"},"rgb":{"r":0,"g":255,"b":255},"cycle":{"active":false,"speed":200,"step":10},"hsl":{"h":180,"s":100,"l":50}},"color":{"hsl":{"h":228,"s":71,"l":50},"rgb":{"r":36,"g":73,"b":218},"contrast":{"light":4.2,"dark":3.9},"generated":{"negative":{"1":{"r":33,"g":67,"b":201},"2":{"r":30,"g":62,"b":184},"3":{"r":28,"g":56,"b":167},"4":{"r":25,"g":50,"b":150},"5":{"r":22,"g":44,"b":133},"6":{"r":19,"g":39,"b":116},"7":{"r":16,"g":33,"b":99},"8":{"r":13,"g":27,"b":81},"9":{"r":11,"g":22,"b":64},"10":{"r":8,"g":16,"b":47}},"positive":{"1":{"r":54,"g":88,"b":222},"2":{"r":72,"g":103,"b":225},"3":{"r":90,"g":118,"b":228},"4":{"r":109,"g":134,"b":231},"5":{"r":127,"g":149,"b":234},"6":{"r":146,"g":164,"b":237},"7":{"r":164,"g":179,"b":240},"8":{"r":182,"g":195,"b":243},"9":{"r":201,"g":210,"b":246},"10":{"r":219,"g":225,"b":249}}}},"font":{"display":{"name":"Josefin Sans","weight":300,"style":"normal"},"ui":{"name":"Roboto Slab","weight":400,"style":"normal"}},"style":"dark","radius":0.5,"custom":{"all":[],"edit":false},"shadow":1.25,"shade":{"opacity":0.1}},"background":{"color":{"by":"theme","rgb":{"r":0,"g":0,"b":0},"hsl":{"h":0,"s":0,"l":0}},"visual":{"show":false,"type":"video","image":{"type":"file","file":{"name":"","data":""},"url":""},"video":{"url":""},"blur":2,"scale":1,"opacity":0.05,"grayscale":0,"accent":0,"vignette":{"opacity":0,"start":90,"end":70}}},"edit":false,"pagelock":false,"shade":false,"edge":false,"search":false,"menu":false,"modal":true,"dropdown":false,"autoSuggest":false},"bookmarks":[{"name":{"show":false,"text":"Cool stuff"},"items":[{"display":{"direction":"vertical","order":"visualname","alignment":"centercenter","gutter":2,"rotate":0,"translate":{"x":0,"y":0.4},"visual":{"show":true,"type":"letter","letter":{"size":3,"text":"AS"},"image":{"size":3,"url":""},"icon":{"size":3,"name":"dice-d20","prefix":"fas","label":"Dice D20"},"shadow":{"size":0}},"name":{"show":false,"text":"awesomeSheet","size":0.9}},"url":"https://zombiefox.github.io/awesomeSheet/","accent":{"by":"theme","hsl":{"h":0,"s":0,"l":0},"rgb":{"r":0,"g":0,"b":0}},"color":{"by":"theme","hsl":{"h":0,"s":0,"l":0},"rgb":{"r":0,"g":0,"b":0},"opacity":1},"wide":false,"tall":false,"searchMatch":false,"timeStamp":1546453104010,"background":{"show":false,"type":"image","opacity":1,"image":{"url":""},"video":{"url":""}}},{"display":{"direction":"vertical","order":"visualname","alignment":"centercenter","gutter":2,"rotate":0,"translate":{"x":0,"y":0.4},"visual":{"show":true,"type":"letter","letter":{"size":3,"text":"AZ"},"image":{"size":3,"url":""},"icon":{"size":3,"name":"amazon","prefix":"fab","label":"Amazon"},"shadow":{"size":0}},"name":{"show":false,"text":"Amazon","size":0.9}},"url":"https://www.amazon.co.uk/","accent":{"by":"theme","hsl":{"h":0,"s":0,"l":0},"rgb":{"r":0,"g":0,"b":0}},"color":{"by":"theme","hsl":{"h":0,"s":0,"l":0},"rgb":{"r":0,"g":0,"b":0},"opacity":1},"wide":false,"tall":false,"searchMatch":false,"timeStamp":1546453107633,"background":{"show":false,"type":"image","opacity":1,"image":{"url":""},"video":{"url":""}}},{"display":{"direction":"vertical","order":"visualname","alignment":"centercenter","gutter":2,"rotate":0,"translate":{"x":0,"y":0.4},"visual":{"show":true,"type":"letter","letter":{"size":3,"text":"GM"},"image":{"size":3,"url":""},"icon":{"size":3,"name":"envelope","prefix":"fas","label":"Envelope"},"shadow":{"size":0}},"name":{"show":false,"text":"Gmail","size":0.9}},"url":"https://mail.google.com/","accent":{"by":"theme","hsl":{"h":0,"s":0,"l":0},"rgb":{"r":0,"g":0,"b":0}},"color":{"by":"theme","hsl":{"h":0,"s":0,"l":0},"rgb":{"r":0,"g":0,"b":0},"opacity":1},"wide":false,"tall":false,"searchMatch":false,"timeStamp":1546453110265,"background":{"show":false,"type":"image","opacity":1,"image":{"url":""},"video":{"url":""}}},{"display":{"direction":"vertical","order":"visualname","alignment":"centercenter","gutter":2,"rotate":0,"translate":{"x":0,"y":0.4},"visual":{"show":true,"type":"letter","letter":{"size":3,"text":"R"},"image":{"size":3,"url":""},"icon":{"size":3,"name":"reddit-alien","prefix":"fab","label":"reddit Alien"},"shadow":{"size":0}},"name":{"show":false,"text":"Reddit","size":0.9}},"url":"https://www.reddit.com/","accent":{"by":"theme","hsl":{"h":0,"s":0,"l":0},"rgb":{"r":0,"g":0,"b":0}},"color":{"by":"theme","hsl":{"h":0,"s":0,"l":0},"rgb":{"r":0,"g":0,"b":0},"opacity":1},"wide":false,"tall":true,"searchMatch":false,"timeStamp":1546453111491,"background":{"show":true,"type":"image","opacity":0.8,"image":{"url":"https://images.unsplash.com/photo-1509641498745-13c26fd1ed89?ixlib=rb-1.2.1&ixid=eyJhcHBfaWQiOjEyMDd9&auto=format&fit=crop&w=934&q=80"},"video":{"url":""}}},{"display":{"direction":"vertical","order":"visualname","alignment":"centercenter","gutter":2,"rotate":0,"translate":{"x":0,"y":0.4},"visual":{"show":true,"type":"letter","letter":{"size":3,"text":"N"},"image":{"size":3,"url":""},"icon":{"size":3,"name":"film","prefix":"fas","label":"Film"},"shadow":{"size":0}},"name":{"show":false,"text":"Netflix","size":0.9}},"url":"https://www.netflix.com/","accent":{"by":"theme","hsl":{"h":0,"s":0,"l":0},"rgb":{"r":0,"g":0,"b":0}},"color":{"by":"theme","hsl":{"h":0,"s":0,"l":0},"rgb":{"r":0,"g":0,"b":0},"opacity":1},"wide":false,"tall":false,"searchMatch":false,"timeStamp":1546453104460,"background":{"show":false,"type":"image","opacity":1,"image":{"url":""},"video":{"url":""}}},{"display":{"direction":"vertical","order":"visualname","alignment":"centercenter","gutter":2,"rotate":0,"translate":{"x":0,"y":0.4},"visual":{"show":true,"type":"letter","letter":{"size":3,"text":"GIT"},"image":{"size":3,"url":""},"icon":{"size":3,"name":"github","prefix":"fab","label":"GitHub"},"shadow":{"size":0}},"name":{"show":false,"text":"Github","size":0.9}},"url":"https://github.com/","accent":{"by":"theme","hsl":{"h":0,"s":0,"l":0},"rgb":{"r":0,"g":0,"b":0}},"color":{"by":"theme","hsl":{"h":0,"s":0,"l":0},"rgb":{"r":0,"g":0,"b":0},"opacity":1},"wide":true,"tall":false,"searchMatch":false,"timeStamp":1546453108926,"background":{"show":true,"type":"image","opacity":0.5,"image":{"url":"https://images.unsplash.com/photo-1578070181910-f1e514afdd08?ixlib=rb-1.2.1&ixid=eyJhcHBfaWQiOjEyMDd9&auto=format&fit=crop&w=2304&q=80"},"video":{"url":""}}},{"display":{"direction":"vertical","order":"visualname","alignment":"centercenter","gutter":2,"rotate":0,"translate":{"x":0,"y":0.4},"visual":{"show":true,"type":"letter","letter":{"size":3,"text":"DR"},"image":{"size":3,"url":""},"icon":{"size":3,"name":"","prefix":"","label":""},"shadow":{"size":0}},"name":{"show":false,"text":"Drive","size":0.9}},"url":"https://drive.google.com/drive/","accent":{"by":"theme","hsl":{"h":0,"s":0,"l":0},"rgb":{"r":0,"g":0,"b":0}},"color":{"by":"theme","hsl":{"h":0,"s":0,"l":0},"rgb":{"r":0,"g":0,"b":0},"opacity":1},"wide":false,"tall":false,"searchMatch":false,"timeStamp":1546453111953,"background":{"show":false,"type":"image","opacity":1,"image":{"url":""},"video":{"url":""}}},{"display":{"direction":"vertical","order":"visualname","alignment":"centercenter","gutter":2,"rotate":0,"translate":{"x":0,"y":0.4},"visual":{"show":true,"type":"letter","letter":{"size":3,"text":"DEV"},"image":{"size":3,"url":""},"icon":{"size":3,"name":"code","prefix":"fas","label":"Code"},"shadow":{"size":0}},"name":{"show":false,"text":"Devdocs","size":0.9}},"url":"http://devdocs.io/","accent":{"by":"theme","hsl":{"h":0,"s":0,"l":0},"rgb":{"r":0,"g":0,"b":0}},"color":{"by":"theme","hsl":{"h":0,"s":0,"l":0},"rgb":{"r":0,"g":0,"b":0},"opacity":1},"wide":false,"tall":false,"searchMatch":false,"timeStamp":1546453101749,"background":{"show":false,"type":"image","opacity":1,"image":{"url":""},"video":{"url":""}}}],"openAll":{"show":false}}]}
