{"nighttab":true,"version":"6.0.0","state":{"header":{"area":{"width":100,"justify":"center","align":"center"},"item":{"justify":"center"},"clock":{"hours":{"show":true,"display":"word"},"minutes":{"show":true,"display":"word"},"seconds":{"show":false,"display":"number"},"separator":{"show":true,"text":":"},"meridiem":{"show":false},"hour24":{"show":false},"size":1,"newLine":false},"date":{"day":{"show":true,"display":"word","weekStart":"monday","length":"long"},"date":{"show":true,"display":"word","ordinal":true},"month":{"show":true,"display":"word","length":"long","ordinal":true},"year":{"show":false,"display":"number"},"separator":{"show":true,"text":"/"},"format":"datemonth","size":1,"newLine":false},"search":{"show":false,"width":{"by":"auto","size":30},"focus":false,"engine":{"selected":"google","google":{"url":"https://www.google.com/search","name":"Google"},"duckduckgo":{"url":"https://duckduckgo.com/","name":"DuckDuckGo"},"youtube":{"url":"https://www.youtube.com/results?search_query=","name":"YouTube"},"giphy":{"url":"https://giphy.com/search/","name":"Giphy"},"bing":{"url":"https://www.bing.com/search?q=","name":"Bing"},"custom":{"url":"","name":"","queryName":""}},"text":{"justify":"center"},"size":1,"newLine":false,"newTab":false,"opacity":1},"border":{"top":0,"bottom":0},"greeting":{"show":false,"type":"good","name":"","size":1,"newLine":false},"transitional":{"show":false,"type":"timeanddate","size":1,"newLine":false},"position":"sticky","radius":false,"color":{"show":true,"style":"scroll","opacity":0.95,"by":"theme","rgb":{"r":0,"g":0,"b":0},"hsl":{"h":0,"s":0,"l":0}},"order":["greeting","transitional","clock","date","search","editAdd","colorAccent","menu"],"menu":{"show":true,"size":1,"newLine":false,"opacity":0},"editAdd":{"show":false,"size":1,"newLine":false,"opacity":0},"colorAccent":{"dot":{"show":true},"show":false,"size":1,"newLine":false,"opacity":0}},"link":{"area":{"width":100,"justify":"center","direction":"ltr"},"item":{"color":{"hsl":{"h":0,"s":0,"l":0},"rgb":{"r":0,"g":0,"b":0},"opacity":1,"by":"theme"},"display":{"name":{"show":true,"size":0.9},"gutter":4,"direction":"horizontal","order":"visualname","alignment":"centerleft","rotate":0,"translate":{"x":0,"y":0},"visual":{"letter":{"size":1.7},"icon":{"size":3},"image":{"size":3},"shadow":{"size":0}}},"url":{"show":true},"line":{"show":false},"shadow":{"show":true},"hoverScale":{"show":true},"newTab":false,"size":1,"border":0,"accent":{"hsl":{"h":0,"s":0,"l":0},"rgb":{"r":0,"g":0,"b":0},"by":"theme"},"background":{"opacity":1}},"show":true,"add":false,"edit":false,"style":"list","orientation":"bottom","breakpoint":"md"},"group":{"area":{"justify":"left"},"name":{"size":1},"border":0,"order":"headerbody","add":false,"edit":false,"openAll":{"size":1,"opacity":1}},"layout":{"alignment":"centercenter","order":"linkheader","padding":4,"gutter":2,"size":1,"width":52,"scrollPastEnd":false,"title":"New Tab","scrollbars":"auto","direction":"vertical"},"theme":{"accent":{"random":{"active":false,"style":"any"},"rgb":{"r":255,"g":160,"b":0},"cycle":{"active":false,"speed":200,"step":10},"hsl":{"h":37.64705882352941,"s":100,"l":50}},"color":{"hsl":{"h":191,"s":73,"l":48},"rgb":{"r":33,"g":178,"b":211},"contrast":{"light":5,"dark":4},"generated":{"negative":{"1":{"r":30,"g":163,"b":193},"2":{"r":27,"g":148,"b":176},"3":{"r":25,"g":133,"b":158},"4":{"r":22,"g":118,"b":140},"5":{"r":19,"g":104,"b":123},"6":{"r":16,"g":89,"b":105},"7":{"r":14,"g":74,"b":88},"8":{"r":11,"g":59,"b":70},"9":{"r":8,"g":44,"b":52},"10":{"r":5,"g":29,"b":35}},"positive":{"1":{"r":47,"g":190,"b":222},"2":{"r":69,"g":197,"b":226},"3":{"r":91,"g":204,"b":229},"4":{"r":113,"g":211,"b":233},"5":{"r":135,"g":218,"b":236},"6":{"r":157,"g":224,"b":240},"7":{"r":179,"g":231,"b":243},"8":{"r":201,"g":238,"b":247},"9":{"r":223,"g":245,"b":250},"10":{"r":245,"g":252,"b":254}}}},"font":{"display":{"name":"Life Savers","weight":400,"style":"normal"},"ui":{"name":"Oswald","weight":400,"style":"normal"}},"style":"dark","radius":0.5,"custom":{"all":[],"edit":false},"shadow":1.75,"shade":{"opacity":0.1}},"background":{"color":{"by":"theme","rgb":{"r":0,"g":0,"b":0},"hsl":{"h":0,"s":0,"l":0}},"visual":{"show":false,"type":"video","image":{"type":"file","file":{"name":"","data":""},"url":""},"video":{"url":""},"blur":0,"scale":1,"opacity":1,"grayscale":0,"accent":0,"vignette":{"opacity":0,"start":90,"end":70}}},"edit":false,"pagelock":false,"shade":false,"edge":false,"search":false,"menu":false,"modal":false,"dropdown":false,"autoSuggest":false},"bookmarks":[{"name":{"show":false,"text":"Cool stuff"},"items":[{"display":{"direction":"horizontal","order":"visualname","alignment":"centerleft","gutter":4,"rotate":0,"translate":{"x":0,"y":0},"visual":{"show":true,"type":"letter","letter":{"size":1.7,"text":"AS"},"image":{"size":3,"url":""},"icon":{"size":3,"name":"dice-d20","prefix":"fas","label":"Dice D20"},"shadow":{"size":0}},"name":{"show":true,"text":"awesomeSheet","size":0.9}},"url":"https://zombiefox.github.io/awesomeSheet/","accent":{"by":"theme","hsl":{"h":0,"s":0,"l":0},"rgb":{"r":0,"g":0,"b":0}},"color":{"by":"theme","hsl":{"h":0,"s":0,"l":0},"rgb":{"r":0,"g":0,"b":0},"opacity":1},"wide":false,"tall":false,"searchMatch":false,"timeStamp":1546453104010,"background":{"show":false,"type":"image","opacity":1,"image":{"url":""},"video":{"url":""}}},{"display":{"direction":"horizontal","order":"visualname","alignment":"centerleft","gutter":4,"rotate":0,"translate":{"x":0,"y":0},"visual":{"show":true,"type":"letter","letter":{"size":1.7,"text":"AZ"},"image":{"size":3,"url":""},"icon":{"size":3,"name":"amazon","prefix":"fab","label":"Amazon"},"shadow":{"size":0}},"name":{"show":true,"text":"Amazon","size":0.9}},"url":"https://www.amazon.co.uk/","accent":{"by":"theme","hsl":{"h":0,"s":0,"l":0},"rgb":{"r":0,"g":0,"b":0}},"color":{"by":"theme","hsl":{"h":0,"s":0,"l":0},"rgb":{"r":0,"g":0,"b":0},"opacity":1},"wide":false,"tall":false,"searchMatch":false,"timeStamp":1546453107633,"background":{"show":false,"type":"image","opacity":1,"image":{"url":""},"video":{"url":""}}},{"display":{"direction":"horizontal","order":"visualname","alignment":"centerleft","gutter":4,"rotate":0,"translate":{"x":0,"y":0},"visual":{"show":true,"type":"letter","letter":{"size":1.7,"text":"GM"},"image":{"size":3,"url":""},"icon":{"size":3,"name":"envelope","prefix":"fas","label":"Envelope"},"shadow":{"size":0}},"name":{"show":true,"text":"Gmail","size":0.9}},"url":"https://mail.google.com/","accent":{"by":"theme","hsl":{"h":0,"s":0,"l":0},"rgb":{"r":0,"g":0,"b":0}},"color":{"by":"theme","hsl":{"h":0,"s":0,"l":0},"rgb":{"r":0,"g":0,"b":0},"opacity":1},"wide":false,"tall":false,"searchMatch":false,"timeStamp":1546453110265,"background":{"show":false,"type":"image","opacity":1,"image":{"url":""},"video":{"url":""}}},{"display":{"direction":"horizontal","order":"visualname","alignment":"centerleft","gutter":4,"rotate":0,"translate":{"x":0,"y":0},"visual":{"show":true,"type":"letter","letter":{"size":1.7,"text":"R"},"image":{"size":3,"url":""},"icon":{"size":3,"name":"reddit-alien","prefix":"fab","label":"reddit Alien"},"shadow":{"size":0}},"name":{"show":true,"text":"Reddit","size":0.9}},"url":"https://www.reddit.com/","accent":{"by":"theme","hsl":{"h":0,"s":0,"l":0},"rgb":{"r":0,"g":0,"b":0}},"color":{"by":"theme","hsl":{"h":0,"s":0,"l":0},"rgb":{"r":0,"g":0,"b":0},"opacity":1},"wide":false,"tall":false,"searchMatch":false,"timeStamp":1546453111491,"background":{"show":false,"type":"image","opacity":1,"image":{"url":""},"video":{"url":""}}},{"display":{"direction":"horizontal","order":"visualname","alignment":"centerleft","gutter":4,"rotate":0,"translate":{"x":0,"y":0},"visual":{"show":true,"type":"letter","letter":{"size":1.7,"text":"N"},"image":{"size":3,"url":""},"icon":{"size":3,"name":"film","prefix":"fas","label":"Film"},"shadow":{"size":0}},"name":{"show":true,"text":"Netflix","size":0.9}},"url":"https://www.netflix.com/","accent":{"by":"theme","hsl":{"h":0,"s":0,"l":0},"rgb":{"r":0,"g":0,"b":0}},"color":{"by":"theme","hsl":{"h":0,"s":0,"l":0},"rgb":{"r":0,"g":0,"b":0},"opacity":1},"wide":false,"tall":false,"searchMatch":false,"timeStamp":1546453104460,"background":{"show":false,"type":"image","opacity":1,"image":{"url":""},"video":{"url":""}}},{"display":{"direction":"horizontal","order":"visualname","alignment":"centerleft","gutter":4,"rotate":0,"translate":{"x":0,"y":0},"visual":{"show":true,"type":"letter","letter":{"size":1.7,"text":"DR"},"image":{"size":3,"url":""},"icon":{"size":3,"name":"","prefix":"","label":""},"shadow":{"size":0}},"name":{"show":true,"text":"Drive","size":0.9}},"url":"https://drive.google.com/drive/","accent":{"by":"theme","hsl":{"h":0,"s":0,"l":0},"rgb":{"r":0,"g":0,"b":0}},"color":{"by":"theme","hsl":{"h":0,"s":0,"l":0},"rgb":{"r":0,"g":0,"b":0},"opacity":1},"wide":false,"tall":false,"searchMatch":false,"timeStamp":1546453111953,"background":{"show":false,"type":"image","opacity":1,"image":{"url":""},"video":{"url":""}}},{"display":{"direction":"horizontal","order":"visualname","alignment":"centerleft","gutter":4,"rotate":0,"translate":{"x":0,"y":0},"visual":{"show":true,"type":"letter","letter":{"size":1.7,"text":"DEV"},"image":{"size":3,"url":""},"icon":{"size":3,"name":"code","prefix":"fas","label":"Code"},"shadow":{"size":0}},"name":{"show":true,"text":"Devdocs","size":0.9}},"url":"http://devdocs.io/","accent":{"by":"theme","hsl":{"h":0,"s":0,"l":0},"rgb":{"r":0,"g":0,"b":0}},"color":{"by":"theme","hsl":{"h":0,"s":0,"l":0},"rgb":{"r":0,"g":0,"b":0},"opacity":1},"wide":false,"tall":false,"searchMatch":false,"timeStamp":1546453101749,"background":{"show":false,"type":"image","opacity":1,"image":{"url":""},"video":{"url":""}}},{"display":{"direction":"horizontal","order":"visualname","alignment":"centerleft","gutter":4,"rotate":0,"translate":{"x":0,"y":0},"visual":{"show":true,"type":"letter","letter":{"size":1.7,"text":"GIT"},"image":{"size":3,"url":""},"icon":{"size":3,"name":"github","prefix":"fab","label":"GitHub"},"shadow":{"size":0}},"name":{"show":true,"text":"Github","size":0.9}},"url":"https://github.com/","accent":{"by":"theme","hsl":{"h":0,"s":0,"l":0},"rgb":{"r":0,"g":0,"b":0}},"color":{"by":"theme","hsl":{"h":0,"s":0,"l":0},"rgb":{"r":0,"g":0,"b":0},"opacity":1},"wide":false,"tall":false,"searchMatch":false,"timeStamp":1546453108926,"background":{"show":false,"type":"image","opacity":1,"image":{"url":""},"video":{"url":""}}}],"openAll":{"show":false}}]}
