{"nighttab":true,"version":"6.0.0","state":{"header":{"area":{"width":82,"justify":"center","align":"center"},"item":{"justify":"right"},"clock":{"hours":{"show":true,"display":"number"},"minutes":{"show":true,"display":"number"},"seconds":{"show":false,"display":"number"},"separator":{"show":false,"text":":"},"meridiem":{"show":true},"hour24":{"show":true},"size":4,"newLine":true},"date":{"day":{"show":false,"display":"word","weekStart":"monday","length":"long"},"date":{"show":true,"display":"number","ordinal":true},"month":{"show":true,"display":"word","length":"short","ordinal":true},"year":{"show":false,"display":"number"},"separator":{"show":true,"text":"/"},"format":"datemonth","size":1.7,"newLine":false},"search":{"show":true,"width":{"by":"auto","size":30},"focus":false,"engine":{"selected":"google","google":{"url":"https://www.google.com/search","name":"Google"},"duckduckgo":{"url":"https://duckduckgo.com/","name":"DuckDuckGo"},"youtube":{"url":"https://www.youtube.com/results?search_query=","name":"YouTube"},"giphy":{"url":"https://giphy.com/search/","name":"Giphy"},"bing":{"url":"https://www.bing.com/search?q=","name":"Bing"},"custom":{"url":"","name":"","queryName":""}},"text":{"justify":"center"},"size":1,"newLine":true,"newTab":false,"opacity":1},"border":{"top":0,"bottom":0},"greeting":{"show":false,"type":"good","name":"","size":1,"newLine":false},"transitional":{"show":false,"type":"timeanddate","size":1,"newLine":false},"position":"sticky","radius":false,"color":{"show":true,"style":"scroll","opacity":0.95,"by":"theme","rgb":{"r":0,"g":0,"b":0},"hsl":{"h":0,"s":0,"l":0}},"order":["greeting","transitional","clock","date","search","editAdd","colorAccent","menu"],"menu":{"show":true,"size":1,"newLine":false,"opacity":0},"editAdd":{"show":true,"size":1,"newLine":false,"opacity":0},"colorAccent":{"dot":{"show":true},"show":true,"size":1,"newLine":false,"opacity":0}},"link":{"area":{"width":100,"justify":"center","direction":"ltr"},"item":{"color":{"hsl":{"h":0,"s":0,"l":0},"rgb":{"r":0,"g":0,"b":0},"opacity":1,"by":"theme"},"display":{"name":{"show":true,"size":0.7},"gutter":2,"direction":"vertical","order":"visualname","alignment":"bottomright","rotate":0,"translate":{"x":0,"y":0},"visual":{"letter":{"size":2},"icon":{"size":2},"image":{"size":2},"shadow":{"size":0}}},"url":{"show":true},"line":{"show":false},"shadow":{"show":true},"hoverScale":{"show":false},"newTab":false,"size":1,"border":0,"accent":{"hsl":{"h":0,"s":0,"l":0},"rgb":{"r":0,"g":0,"b":0},"by":"theme"},"background":{"opacity":1}},"show":true,"add":false,"edit":false,"style":"block","orientation":"bottom","breakpoint":"md"},"group":{"area":{"justify":"left"},"name":{"size":1},"border":0,"order":"headerbody","add":false,"edit":false,"openAll":{"size":1,"opacity":1}},"layout":{"alignment":"centercenter","order":"headerlink","padding":4,"gutter":2,"size":1,"width":83,"scrollPastEnd":false,"title":"New Tab","scrollbars":"auto","direction":"horizontal"},"theme":{"accent":{"random":{"active":false,"style":"any"},"rgb":{"r":255,"g":0,"b":187},"cycle":{"active":false,"speed":200,"step":10},"hsl":{"h":316,"s":100,"l":50}},"color":{"hsl":{"h":227,"s":52,"l":55},"rgb":{"r":80,"g":106,"b":199},"contrast":{"light":4,"dark":4},"generated":{"negative":{"1":{"r":65,"g":93,"b":194},"2":{"r":58,"g":85,"b":180},"3":{"r":53,"g":77,"b":165},"4":{"r":48,"g":70,"b":150},"5":{"r":43,"g":63,"b":134},"6":{"r":38,"g":56,"b":119},"7":{"r":33,"g":48,"b":103},"8":{"r":28,"g":41,"b":88},"9":{"r":23,"g":34,"b":72},"10":{"r":18,"g":27,"b":57}},"positive":{"1":{"r":95,"g":119,"b":204},"2":{"r":111,"g":132,"b":209},"3":{"r":126,"g":145,"b":214},"4":{"r":142,"g":159,"b":219},"5":{"r":157,"g":172,"b":224},"6":{"r":173,"g":185,"b":229},"7":{"r":188,"g":198,"b":234},"8":{"r":204,"g":211,"b":239},"9":{"r":219,"g":224,"b":244},"10":{"r":235,"g":238,"b":248}}}},"font":{"display":{"name":"Major Mono Display","weight":400,"style":"normal"},"ui":{"name":"Roboto Condensed","weight":400,"style":"normal"}},"style":"dark","radius":0.25,"custom":{"all":[],"edit":false},"shadow":0,"shade":{"opacity":0.7}},"background":{"color":{"by":"theme","rgb":{"r":0,"g":0,"b":0},"hsl":{"h":0,"s":0,"l":0}},"visual":{"show":true,"type":"image","image":{"type":"url","file":{"name":"","data":""},"url":"https://source.unsplash.com/4u2U8EO9OzY"},"video":{"url":""},"blur":0,"scale":1,"opacity":0.26,"grayscale":0,"accent":0.36,"vignette":{"opacity":0,"start":90,"end":70}}},"edit":false,"pagelock":false,"shade":false,"edge":false,"search":false,"menu":false,"modal":true,"dropdown":false,"autoSuggest":false},"bookmarks":[{"name":{"show":false,"text":"Cool stuff"},"items":[{"display":{"direction":"vertical","order":"visualname","alignment":"bottomright","gutter":2,"rotate":0,"translate":{"x":0,"y":0},"visual":{"show":true,"type":"letter","letter":{"size":2,"text":"AS"},"image":{"size":2,"url":""},"icon":{"size":2,"name":"dice-d20","prefix":"fas","label":"Dice D20"},"shadow":{"size":0}},"name":{"show":true,"text":"awesomeSheet","size":0.7}},"url":"https://zombiefox.github.io/awesomeSheet/","accent":{"by":"theme","hsl":{"h":0,"s":0,"l":0},"rgb":{"r":0,"g":0,"b":0}},"color":{"by":"theme","hsl":{"h":0,"s":0,"l":0},"rgb":{"r":0,"g":0,"b":0},"opacity":1},"wide":false,"tall":false,"searchMatch":false,"timeStamp":1546453104010,"background":{"show":false,"type":"image","opacity":1,"image":{"url":""},"video":{"url":""}}},{"display":{"direction":"vertical","order":"visualname","alignment":"bottomright","gutter":2,"rotate":0,"translate":{"x":0,"y":0},"visual":{"show":true,"type":"letter","letter":{"size":2,"text":"AZ"},"image":{"size":2,"url":""},"icon":{"size":2,"name":"amazon","prefix":"fab","label":"Amazon"},"shadow":{"size":0}},"name":{"show":true,"text":"Amazon","size":0.7}},"url":"https://www.amazon.co.uk/","accent":{"by":"theme","hsl":{"h":0,"s":0,"l":0},"rgb":{"r":0,"g":0,"b":0}},"color":{"by":"theme","hsl":{"h":0,"s":0,"l":0},"rgb":{"r":0,"g":0,"b":0},"opacity":1},"wide":false,"tall":false,"searchMatch":false,"timeStamp":1546453107633,"background":{"show":false,"type":"image","opacity":1,"image":{"url":""},"video":{"url":""}}},{"display":{"direction":"vertical","order":"visualname","alignment":"bottomright","gutter":2,"rotate":0,"translate":{"x":0,"y":0},"visual":{"show":true,"type":"icon","letter":{"size":2,"text":"R"},"image":{"size":2,"url":""},"icon":{"size":3,"name":"reddit-alien","prefix":"fab","label":"reddit Alien"},"shadow":{"size":0}},"name":{"show":true,"text":"Reddit","size":0.9}},"url":"https://www.reddit.com/","accent":{"by":"theme","hsl":{"h":0,"s":0,"l":0},"rgb":{"r":0,"g":0,"b":0}},"color":{"by":"theme","hsl":{"h":0,"s":0,"l":0},"rgb":{"r":0,"g":0,"b":0},"opacity":1},"wide":true,"tall":true,"searchMatch":false,"timeStamp":1546453111491,"background":{"show":false,"type":"image","opacity":1,"image":{"url":""},"video":{"url":""}}},{"display":{"direction":"vertical","order":"visualname","alignment":"bottomright","gutter":2,"rotate":0,"translate":{"x":0,"y":0},"visual":{"show":true,"type":"letter","letter":{"size":2,"text":"N"},"image":{"size":2,"url":""},"icon":{"size":2,"name":"film","prefix":"fas","label":"Film"},"shadow":{"size":0}},"name":{"show":true,"text":"Netflix","size":0.7}},"url":"https://www.netflix.com/","accent":{"by":"theme","hsl":{"h":0,"s":0,"l":0},"rgb":{"r":0,"g":0,"b":0}},"color":{"by":"theme","hsl":{"h":0,"s":0,"l":0},"rgb":{"r":0,"g":0,"b":0},"opacity":1},"wide":false,"tall":true,"searchMatch":false,"timeStamp":1546453104460,"background":{"show":false,"type":"image","opacity":1,"image":{"url":""},"video":{"url":""}}},{"display":{"direction":"vertical","order":"visualname","alignment":"bottomright","gutter":2,"rotate":0,"translate":{"x":0,"y":0},"visual":{"show":true,"type":"letter","letter":{"size":2,"text":"GM"},"image":{"size":2,"url":""},"icon":{"size":2,"name":"envelope","prefix":"fas","label":"Envelope"},"shadow":{"size":0}},"name":{"show":true,"text":"Gmail","size":0.7}},"url":"https://mail.google.com/","accent":{"by":"theme","hsl":{"h":0,"s":0,"l":0},"rgb":{"r":0,"g":0,"b":0}},"color":{"by":"theme","hsl":{"h":0,"s":0,"l":0},"rgb":{"r":0,"g":0,"b":0},"opacity":1},"wide":false,"tall":false,"searchMatch":false,"timeStamp":1546453110265,"background":{"show":false,"type":"image","opacity":1,"image":{"url":""},"video":{"url":""}}},{"display":{"direction":"vertical","order":"visualname","alignment":"bottomright","gutter":2,"rotate":0,"translate":{"x":0,"y":0},"visual":{"show":true,"type":"letter","letter":{"size":2,"text":"DR"},"image":{"size":2,"url":""},"icon":{"size":2,"name":"","prefix":"","label":""},"shadow":{"size":0}},"name":{"show":true,"text":"Drive","size":0.7}},"url":"https://drive.google.com/drive/","accent":{"by":"theme","hsl":{"h":0,"s":0,"l":0},"rgb":{"r":0,"g":0,"b":0}},"color":{"by":"theme","hsl":{"h":0,"s":0,"l":0},"rgb":{"r":0,"g":0,"b":0},"opacity":1},"wide":false,"tall":false,"searchMatch":false,"timeStamp":1546453111953,"background":{"show":false,"type":"image","opacity":1,"image":{"url":""},"video":{"url":""}}},{"display":{"direction":"vertical","order":"visualname","alignment":"bottomright","gutter":2,"rotate":0,"translate":{"x":0,"y":0},"visual":{"show":true,"type":"letter","letter":{"size":2,"text":"DEV"},"image":{"size":2,"url":""},"icon":{"size":2,"name":"code","prefix":"fas","label":"Code"},"shadow":{"size":0}},"name":{"show":true,"text":"Devdocs","size":0.7}},"url":"http://devdocs.io/","accent":{"by":"theme","hsl":{"h":0,"s":0,"l":0},"rgb":{"r":0,"g":0,"b":0}},"color":{"by":"theme","hsl":{"h":0,"s":0,"l":0},"rgb":{"r":0,"g":0,"b":0},"opacity":1},"wide":false,"tall":false,"searchMatch":false,"timeStamp":1546453101749,"background":{"show":false,"type":"image","opacity":1,"image":{"url":""},"video":{"url":""}}},{"display":{"direction":"vertical","order":"visualname","alignment":"bottomright","gutter":2,"rotate":0,"translate":{"x":0,"y":0},"visual":{"show":true,"type":"icon","letter":{"size":2,"text":"GIT"},"image":{"size":2,"url":""},"icon":{"size":2,"name":"github","prefix":"fab","label":"GitHub"},"shadow":{"size":0}},"name":{"show":true,"text":"Github","size":0.7}},"url":"https://github.com/","accent":{"by":"theme","hsl":{"h":0,"s":0,"l":0},"rgb":{"r":0,"g":0,"b":0}},"color":{"by":"theme","hsl":{"h":0,"s":0,"l":0},"rgb":{"r":0,"g":0,"b":0},"opacity":1},"wide":false,"tall":false,"searchMatch":false,"timeStamp":1546453108926,"background":{"show":false,"type":"image","opacity":1,"image":{"url":""},"video":{"url":""}}}],"openAll":{"show":false}}]}
