{"nighttab":true,"version":"6.0.0","state":{"header":{"area":{"width":100,"justify":"center","align":"center"},"item":{"justify":"center"},"clock":{"hours":{"show":true,"display":"number"},"minutes":{"show":true,"display":"number"},"seconds":{"show":false,"display":"number"},"separator":{"show":true,"text":":"},"meridiem":{"show":true},"hour24":{"show":false},"size":1.5,"newLine":false},"date":{"day":{"show":true,"display":"word","weekStart":"monday","length":"short"},"date":{"show":true,"display":"number","ordinal":true},"month":{"show":true,"display":"word","length":"short","ordinal":true},"year":{"show":true,"display":"number"},"separator":{"show":true,"text":"/"},"format":"datemonth","size":1.5,"newLine":false},"search":{"show":false,"width":{"by":"auto","size":30},"focus":false,"engine":{"selected":"google","google":{"url":"https://www.google.com/search","name":"Google"},"duckduckgo":{"url":"https://duckduckgo.com/","name":"DuckDuckGo"},"youtube":{"url":"https://www.youtube.com/results?search_query=","name":"YouTube"},"giphy":{"url":"https://giphy.com/search/","name":"Giphy"},"bing":{"url":"https://www.bing.com/search?q=","name":"Bing"},"custom":{"url":"","name":"","queryName":""}},"text":{"justify":"center"},"size":1,"newLine":false,"newTab":false,"opacity":1},"border":{"top":0,"bottom":1},"greeting":{"show":false,"type":"good","name":"","size":1,"newLine":false},"transitional":{"show":false,"type":"timeanddate","size":1,"newLine":false},"position":"sticky","radius":false,"color":{"show":true,"style":"scroll","opacity":0.95,"by":"theme","rgb":{"r":0,"g":0,"b":0},"hsl":{"h":0,"s":0,"l":0}},"order":["greeting","transitional","clock","date","search","editAdd","colorAccent","menu"],"menu":{"show":true,"size":1,"newLine":false,"opacity":0},"editAdd":{"show":false,"size":1,"newLine":false,"opacity":0},"colorAccent":{"dot":{"show":true},"show":false,"size":1,"newLine":false,"opacity":0}},"link":{"area":{"width":100,"justify":"center","direction":"ltr"},"item":{"color":{"hsl":{"h":0,"s":0,"l":0},"rgb":{"r":0,"g":0,"b":0},"opacity":1,"by":"theme"},"display":{"name":{"show":false,"size":0.9},"gutter":2,"direction":"vertical","order":"visualname","alignment":"centercenter","rotate":0,"translate":{"x":0,"y":0.4},"visual":{"letter":{"size":3},"icon":{"size":3},"image":{"size":3},"shadow":{"size":0}}},"url":{"show":true},"line":{"show":false},"shadow":{"show":true},"hoverScale":{"show":true},"newTab":false,"size":1,"border":0,"accent":{"hsl":{"h":0,"s":0,"l":0},"rgb":{"r":0,"g":0,"b":0},"by":"theme"},"background":{"opacity":1}},"show":false,"add":false,"edit":false,"style":"block","orientation":"bottom","breakpoint":"xl"},"group":{"area":{"justify":"left"},"name":{"size":1},"border":0,"order":"headerbody","add":false,"edit":false,"openAll":{"size":1,"opacity":1}},"layout":{"alignment":"centercenter","order":"headerlink","padding":4,"gutter":2,"size":1,"width":100,"scrollPastEnd":false,"title":"New Tab","scrollbars":"auto","direction":"vertical"},"theme":{"accent":{"random":{"active":false,"style":"any"},"rgb":{"r":255,"g":150,"b":0},"cycle":{"active":false,"speed":200,"step":10},"hsl":{"h":35,"s":100,"l":50}},"color":{"hsl":{"h":0,"s":69,"l":62},"rgb":{"r":224,"g":91,"b":91},"contrast":{"light":3.5,"dark":4.5},"generated":{"negative":{"1":{"r":220,"g":72,"b":72},"2":{"r":217,"g":52,"b":52},"3":{"r":207,"g":39,"b":39},"4":{"r":188,"g":35,"b":35},"5":{"r":168,"g":32,"b":32},"6":{"r":149,"g":28,"b":28},"7":{"r":130,"g":25,"b":25},"8":{"r":111,"g":21,"b":21},"9":{"r":91,"g":17,"b":17},"10":{"r":72,"g":14,"b":14}},"positive":{"1":{"r":227,"g":106,"b":106},"2":{"r":230,"g":121,"b":121},"3":{"r":233,"g":136,"b":136},"4":{"r":235,"g":151,"b":151},"5":{"r":238,"g":166,"b":166},"6":{"r":241,"g":181,"b":181},"7":{"r":244,"g":196,"b":196},"8":{"r":247,"g":211,"b":211},"9":{"r":250,"g":226,"b":226},"10":{"r":252,"g":241,"b":241}}}},"font":{"display":{"name":"Big Shoulders Display","weight":400,"style":"normal"},"ui":{"name":"Montserrat","weight":400,"style":"normal"}},"style":"dark","radius":0.6,"custom":{"all":[],"edit":false},"shadow":1,"shade":{"opacity":0.1}},"background":{"color":{"by":"theme","rgb":{"r":0,"g":0,"b":0},"hsl":{"h":0,"s":0,"l":0}},"visual":{"show":true,"type":"image","image":{"type":"url","file":{"name":"","data":""},"url":"https://source.unsplash.com/AU1rKyKPJco"},"video":{"url":""},"blur":2,"scale":1,"opacity":0.14,"grayscale":1,"accent":0.01,"vignette":{"opacity":0,"start":90,"end":70}}},"edit":false,"pagelock":true,"shade":true,"edge":false,"search":false,"menu":true,"modal":false,"dropdown":false,"autoSuggest":false},"bookmarks":[{"name":{"show":false,"text":"Cool stuff"},"items":[{"display":{"direction":"vertical","order":"visualname","alignment":"centercenter","gutter":2,"rotate":0,"translate":{"x":0,"y":0.4},"visual":{"show":true,"type":"letter","letter":{"size":3,"text":"AS"},"image":{"size":3,"url":""},"icon":{"size":3,"name":"dice-d20","prefix":"fas","label":"Dice D20"},"shadow":{"size":0}},"name":{"show":false,"text":"awesomeSheet","size":0.9}},"url":"https://zombiefox.github.io/awesomeSheet/","accent":{"by":"theme","hsl":{"h":0,"s":0,"l":0},"rgb":{"r":0,"g":0,"b":0}},"color":{"by":"theme","hsl":{"h":0,"s":0,"l":0},"rgb":{"r":0,"g":0,"b":0},"opacity":1},"wide":false,"tall":false,"searchMatch":false,"timeStamp":1546453104010,"background":{"show":false,"type":"image","opacity":1,"image":{"url":""},"video":{"url":""}}},{"display":{"direction":"vertical","order":"visualname","alignment":"centercenter","gutter":2,"rotate":0,"translate":{"x":0,"y":0.4},"visual":{"show":true,"type":"letter","letter":{"size":3,"text":"AZ"},"image":{"size":3,"url":""},"icon":{"size":3,"name":"amazon","prefix":"fab","label":"Amazon"},"shadow":{"size":0}},"name":{"show":false,"text":"Amazon","size":0.9}},"url":"https://www.amazon.co.uk/","accent":{"by":"theme","hsl":{"h":0,"s":0,"l":0},"rgb":{"r":0,"g":0,"b":0}},"color":{"by":"theme","hsl":{"h":0,"s":0,"l":0},"rgb":{"r":0,"g":0,"b":0},"opacity":1},"wide":false,"tall":false,"searchMatch":false,"timeStamp":1546453107633,"background":{"show":false,"type":"image","opacity":1,"image":{"url":""},"video":{"url":""}}},{"display":{"direction":"vertical","order":"visualname","alignment":"centercenter","gutter":2,"rotate":0,"translate":{"x":0,"y":0.4},"visual":{"show":true,"type":"letter","letter":{"size":3,"text":"GM"},"image":{"size":3,"url":""},"icon":{"size":3,"name":"envelope","prefix":"fas","label":"Envelope"},"shadow":{"size":0}},"name":{"show":false,"text":"Gmail","size":0.9}},"url":"https://mail.google.com/","accent":{"by":"theme","hsl":{"h":0,"s":0,"l":0},"rgb":{"r":0,"g":0,"b":0}},"color":{"by":"theme","hsl":{"h":0,"s":0,"l":0},"rgb":{"r":0,"g":0,"b":0},"opacity":1},"wide":false,"tall":false,"searchMatch":false,"timeStamp":1546453110265,"background":{"show":false,"type":"image","opacity":1,"image":{"url":""},"video":{"url":""}}},{"display":{"direction":"vertical","order":"visualname","alignment":"centercenter","gutter":2,"rotate":0,"translate":{"x":0,"y":0.4},"visual":{"show":true,"type":"letter","letter":{"size":3,"text":"R"},"image":{"size":3,"url":""},"icon":{"size":3,"name":"reddit-alien","prefix":"fab","label":"reddit Alien"},"shadow":{"size":0}},"name":{"show":false,"text":"Reddit","size":0.9}},"url":"https://www.reddit.com/","accent":{"by":"theme","hsl":{"h":0,"s":0,"l":0},"rgb":{"r":0,"g":0,"b":0}},"color":{"by":"theme","hsl":{"h":0,"s":0,"l":0},"rgb":{"r":0,"g":0,"b":0},"opacity":1},"wide":false,"tall":false,"searchMatch":false,"timeStamp":1546453111491,"background":{"show":false,"type":"image","opacity":1,"image":{"url":""},"video":{"url":""}}},{"display":{"direction":"vertical","order":"visualname","alignment":"centercenter","gutter":2,"rotate":0,"translate":{"x":0,"y":0.4},"visual":{"show":true,"type":"letter","letter":{"size":3,"text":"N"},"image":{"size":3,"url":""},"icon":{"size":3,"name":"film","prefix":"fas","label":"Film"},"shadow":{"size":0}},"name":{"show":false,"text":"Netflix","size":0.9}},"url":"https://www.netflix.com/","accent":{"by":"theme","hsl":{"h":0,"s":0,"l":0},"rgb":{"r":0,"g":0,"b":0}},"color":{"by":"theme","hsl":{"h":0,"s":0,"l":0},"rgb":{"r":0,"g":0,"b":0},"opacity":1},"wide":false,"tall":false,"searchMatch":false,"timeStamp":1546453104460,"background":{"show":false,"type":"image","opacity":1,"image":{"url":""},"video":{"url":""}}},{"display":{"direction":"vertical","order":"visualname","alignment":"centercenter","gutter":2,"rotate":0,"translate":{"x":0,"y":0.4},"visual":{"show":true,"type":"letter","letter":{"size":3,"text":"DR"},"image":{"size":3,"url":""},"icon":{"size":3,"name":"","prefix":"","label":""},"shadow":{"size":0}},"name":{"show":false,"text":"Drive","size":0.9}},"url":"https://drive.google.com/drive/","accent":{"by":"theme","hsl":{"h":0,"s":0,"l":0},"rgb":{"r":0,"g":0,"b":0}},"color":{"by":"theme","hsl":{"h":0,"s":0,"l":0},"rgb":{"r":0,"g":0,"b":0},"opacity":1},"wide":false,"tall":false,"searchMatch":false,"timeStamp":1546453111953,"background":{"show":false,"type":"image","opacity":1,"image":{"url":""},"video":{"url":""}}},{"display":{"direction":"vertical","order":"visualname","alignment":"centercenter","gutter":2,"rotate":0,"translate":{"x":0,"y":0.4},"visual":{"show":true,"type":"letter","letter":{"size":3,"text":"DEV"},"image":{"size":3,"url":""},"icon":{"size":3,"name":"code","prefix":"fas","label":"Code"},"shadow":{"size":0}},"name":{"show":false,"text":"Devdocs","size":0.9}},"url":"http://devdocs.io/","accent":{"by":"theme","hsl":{"h":0,"s":0,"l":0},"rgb":{"r":0,"g":0,"b":0}},"color":{"by":"theme","hsl":{"h":0,"s":0,"l":0},"rgb":{"r":0,"g":0,"b":0},"opacity":1},"wide":false,"tall":false,"searchMatch":false,"timeStamp":1546453101749,"background":{"show":false,"type":"image","opacity":1,"image":{"url":""},"video":{"url":""}}},{"display":{"direction":"vertical","order":"visualname","alignment":"centercenter","gutter":2,"rotate":0,"translate":{"x":0,"y":0.4},"visual":{"show":true,"type":"letter","letter":{"size":3,"text":"GIT"},"image":{"size":3,"url":""},"icon":{"size":3,"name":"github","prefix":"fab","label":"GitHub"},"shadow":{"size":0}},"name":{"show":false,"text":"Github","size":0.9}},"url":"https://github.com/","accent":{"by":"theme","hsl":{"h":0,"s":0,"l":0},"rgb":{"r":0,"g":0,"b":0}},"color":{"by":"theme","hsl":{"h":0,"s":0,"l":0},"rgb":{"r":0,"g":0,"b":0},"opacity":1},"wide":false,"tall":false,"searchMatch":false,"timeStamp":1546453108926,"background":{"show":false,"type":"image","opacity":1,"image":{"url":""},"video":{"url":""}}}],"openAll":{"show":false}}]}
