{"nighttab":true,"version":"6.0.0","state":{"header":{"area":{"width":100,"justify":"center","align":"center"},"item":{"justify":"left"},"greeting":{"show":false,"type":"good","name":"","size":1,"newLine":false},"clock":{"hours":{"show":true,"display":"number"},"minutes":{"show":true,"display":"number"},"seconds":{"show":false,"display":"number"},"separator":{"show":true,"text":""},"meridiem":{"show":true},"hour24":{"show":true},"size":1,"newLine":false},"transitional":{"show":false,"type":"timeanddate","size":1,"newLine":false},"date":{"day":{"show":false,"display":"word","weekStart":"monday","length":"long"},"date":{"show":true,"display":"number","ordinal":true},"month":{"show":true,"display":"word","length":"long","ordinal":true},"year":{"show":false,"display":"number"},"separator":{"show":true,"text":""},"format":"datemonth","size":1,"newLine":false},"search":{"show":true,"style":"box","width":{"by":"auto","size":30},"focus":false,"engine":{"selected":"google","google":{"url":"https://www.google.com/search","name":"Google"},"duckduckgo":{"url":"https://duckduckgo.com/","name":"DuckDuckGo"},"youtube":{"url":"https://www.youtube.com/results?search_query=","name":"YouTube"},"giphy":{"url":"https://giphy.com/search/","name":"Giphy"},"bing":{"url":"https://www.bing.com/search?q=","name":"Bing"},"custom":{"url":"","name":"","queryName":""}},"text":{"justify":"center"},"size":1,"opacity":1,"newLine":false,"newTab":false},"editAdd":{"show":true,"size":1,"opacity":1,"newLine":false},"colorAccent":{"dot":{"show":true},"show":true,"size":1,"opacity":1,"newLine":false},"menu":{"show":true,"size":1,"opacity":1,"newLine":false},"order":["greeting","transitional","clock","date","search","editAdd","colorAccent","menu"],"border":{"top":0,"bottom":0},"color":{"by":"theme","hsl":{"h":0,"s":0,"l":0},"rgb":{"r":0,"g":0,"b":0},"style":"scroll","opacity":0.95,"show":false,"newLine":false},"position":"inline","radius":false},"link":{"area":{"width":100,"direction":"ltr","justify":"center"},"item":{"color":{"by":"theme","hsl":{"h":0,"s":0,"l":0},"rgb":{"r":0,"g":0,"b":0},"opacity":1},"accent":{"by":"theme","hsl":{"h":0,"s":0,"l":0},"rgb":{"r":0,"g":0,"b":0}},"background":{"opacity":1},"display":{"visual":{"letter":{"size":1.4},"icon":{"size":1.4},"image":{"size":1.4},"shadow":{"size":0}},"name":{"show":true,"size":0.9},"gutter":2,"direction":"horizontal","order":"visualname","alignment":"bottomleft","rotate":0,"translate":{"x":0,"y":0}},"url":{"show":false},"line":{"show":false},"shadow":{"show":true},"hoverScale":{"show":true},"newTab":false,"size":1.4,"border":0},"show":true,"add":false,"edit":false,"style":"block","orientation":"bottom","breakpoint":"xl"},"group":{"area":{"justify":"left"},"name":{"show":true,"size":1},"openAll":{"show":true,"size":1,"opacity":1},"border":0,"order":"headerbody","add":false,"edit":false},"layout":{"alignment":"centercenter","order":"headerlink","direction":"vertical","padding":4,"gutter":2,"size":1,"width":90,"scrollPastEnd":false,"scrollbars":"auto","title":""},"theme":{"accent":{"hsl":{"h":0,"s":0,"l":90},"rgb":{"r":230,"g":230,"b":230},"random":{"active":false,"style":"any"},"cycle":{"active":false,"speed":300,"step":10}},"color":{"hsl":{"h":201,"s":7,"l":66},"rgb":{"r":162,"g":170,"b":174},"contrast":{"light":2.6,"dark":4},"generated":{"negative":{"1":{"r":151,"g":160,"b":165},"2":{"r":140,"g":150,"b":155},"3":{"r":129,"g":140,"b":146},"4":{"r":118,"g":130,"b":136},"5":{"r":109,"g":120,"b":125},"6":{"r":99,"g":109,"b":114},"7":{"r":90,"g":99,"b":103},"8":{"r":80,"g":88,"b":92},"9":{"r":71,"g":78,"b":81},"10":{"r":61,"g":68,"b":71}},"positive":{"1":{"r":169,"g":176,"b":180},"2":{"r":176,"g":183,"b":186},"3":{"r":183,"g":189,"b":193},"4":{"r":190,"g":196,"b":199},"5":{"r":197,"g":202,"b":205},"6":{"r":205,"g":209,"b":211},"7":{"r":212,"g":215,"b":217},"8":{"r":219,"g":222,"b":223},"9":{"r":226,"g":228,"b":230},"10":{"r":233,"g":235,"b":236}}}},"font":{"display":{"name":"","weight":400,"style":"normal"},"ui":{"name":"","weight":400,"style":"normal"}},"style":"dark","radius":0.25,"shadow":2,"shade":{"opacity":0.2},"custom":{"all":[],"edit":false}},"background":{"color":{"by":"theme","hsl":{"h":0,"s":0,"l":0},"rgb":{"r":0,"g":0,"b":0}},"visual":{"show":false,"type":"video","image":{"type":"file","file":{"name":"","data":""},"url":""},"video":{"url":""},"blur":0,"scale":1,"opacity":1,"grayscale":0,"accent":0,"vignette":{"opacity":0,"start":90,"end":70}}},"edit":false,"pagelock":true,"shade":true,"edge":false,"search":false,"menu":true,"modal":false,"dropdown":false,"autoSuggest":false},"bookmarks":[{"name":{"text":"Cool stuff","show":false},"openAll":{"show":false},"items":[{"display":{"direction":"horizontal","order":"visualname","alignment":"bottomleft","gutter":2,"rotate":0,"translate":{"x":0,"y":0},"visual":{"show":true,"type":"icon","letter":{"size":1.4,"text":"R"},"image":{"size":1.4,"url":""},"icon":{"size":1.4,"name":"reddit-alien","prefix":"fab","label":"reddit Alien"},"shadow":{"size":0}},"name":{"show":false,"text":"Reddit","size":0.9}},"url":"https://www.reddit.com/","accent":{"by":"theme","hsl":{"h":0,"s":0,"l":0},"rgb":{"r":0,"g":0,"b":0}},"color":{"by":"theme","hsl":{"h":0,"s":0,"l":0},"rgb":{"r":0,"g":0,"b":0},"opacity":1},"background":{"show":true,"type":"image","opacity":1,"image":{"url":"https://images.unsplash.com/photo-1584098113770-a5922198255a?ixlib=rb-1.2.1&ixid=eyJhcHBfaWQiOjEyMDd9&auto=format&fit=crop&w=2250&q=80"},"video":{"url":""}},"wide":true,"tall":false,"searchMatch":false,"timeStamp":1546453111491},{"display":{"direction":"horizontal","order":"visualname","alignment":"bottomleft","gutter":2,"rotate":0,"translate":{"x":0,"y":0},"visual":{"show":true,"type":"icon","letter":{"size":1.4,"text":"DEV"},"image":{"size":1.4,"url":""},"icon":{"size":1.4,"name":"code","prefix":"fas","label":"Code"},"shadow":{"size":0}},"name":{"show":false,"text":"Devdocs","size":0.9}},"url":"http://devdocs.io/","accent":{"by":"theme","hsl":{"h":0,"s":0,"l":0},"rgb":{"r":0,"g":0,"b":0}},"color":{"by":"theme","hsl":{"h":0,"s":0,"l":0},"rgb":{"r":0,"g":0,"b":0},"opacity":1},"background":{"show":true,"type":"image","opacity":1,"image":{"url":"https://images.unsplash.com/photo-1504384171965-be2509a826af?ixlib=rb-1.2.1&ixid=eyJhcHBfaWQiOjEyMDd9&auto=format&fit=crop&w=500&q=80"},"video":{"url":""}},"wide":false,"tall":false,"searchMatch":false,"timeStamp":1546453101749},{"display":{"direction":"horizontal","order":"visualname","alignment":"bottomleft","gutter":2,"rotate":0,"translate":{"x":0,"y":0},"visual":{"show":true,"type":"icon","letter":{"size":1.4,"text":"GIT"},"image":{"size":1.4,"url":""},"icon":{"size":1.4,"name":"github","prefix":"fab","label":"GitHub"},"shadow":{"size":0}},"name":{"show":false,"text":"Github","size":0.9}},"url":"https://github.com/","accent":{"by":"theme","hsl":{"h":0,"s":0,"l":0},"rgb":{"r":0,"g":0,"b":0}},"color":{"by":"theme","hsl":{"h":0,"s":0,"l":0},"rgb":{"r":0,"g":0,"b":0},"opacity":1},"background":{"show":true,"type":"image","opacity":1,"image":{"url":"https://images.unsplash.com/photo-1527049979667-990f1d0d8e7f?ixlib=rb-1.2.1&auto=format&fit=crop&w=500&q=80"},"video":{"url":""}},"wide":false,"tall":true,"searchMatch":false,"timeStamp":1546453108926},{"display":{"direction":"horizontal","order":"visualname","alignment":"bottomleft","gutter":2,"rotate":0,"translate":{"x":0,"y":0},"visual":{"show":true,"type":"letter","letter":{"size":1.4,"text":"AZ"},"image":{"size":1.4,"url":""},"icon":{"size":1.4,"name":"amazon","prefix":"fab","label":"Amazon"},"shadow":{"size":0}},"name":{"show":false,"text":"Amazon","size":0.9}},"url":"https://www.amazon.co.uk/","accent":{"by":"theme","hsl":{"h":0,"s":0,"l":0},"rgb":{"r":0,"g":0,"b":0}},"color":{"by":"theme","hsl":{"h":0,"s":0,"l":0},"rgb":{"r":0,"g":0,"b":0},"opacity":1},"background":{"show":true,"type":"image","opacity":1,"image":{"url":"https://images.unsplash.com/photo-1586982469023-9f3e18321fc7?ixlib=rb-1.2.1&ixid=eyJhcHBfaWQiOjEyMDd9&auto=format&fit=crop&w=500&q=80"},"video":{"url":""}},"wide":false,"tall":false,"searchMatch":false,"timeStamp":1546453107633},{"display":{"direction":"horizontal","order":"visualname","alignment":"bottomleft","gutter":2,"rotate":0,"translate":{"x":0,"y":0},"visual":{"show":true,"type":"icon","letter":{"size":1.4,"text":"AS"},"image":{"size":1.4,"url":""},"icon":{"size":1.4,"name":"dice-d20","prefix":"fas","label":"Dice D20"},"shadow":{"size":0}},"name":{"show":false,"text":"awesomeSheet","size":0.9}},"url":"https://zombiefox.github.io/awesomeSheet/","accent":{"by":"theme","hsl":{"h":0,"s":0,"l":0},"rgb":{"r":0,"g":0,"b":0}},"color":{"by":"theme","hsl":{"h":0,"s":0,"l":0},"rgb":{"r":0,"g":0,"b":0},"opacity":1},"background":{"show":true,"type":"image","opacity":1,"image":{"url":"https://images.unsplash.com/photo-1594201272716-9ad78d16848b?ixlib=rb-1.2.1&ixid=eyJhcHBfaWQiOjEyMDd9&auto=format&fit=crop&w=500&q=80"},"video":{"url":""}},"wide":false,"tall":false,"searchMatch":false,"timeStamp":1546453104010},{"display":{"direction":"horizontal","order":"visualname","alignment":"bottomleft","gutter":2,"rotate":0,"translate":{"x":0,"y":0},"visual":{"show":true,"type":"letter","letter":{"size":1.4,"text":"GM"},"image":{"size":1.4,"url":""},"icon":{"size":1.4,"name":"envelope","prefix":"fas","label":"Envelope"},"shadow":{"size":0}},"name":{"show":false,"text":"Gmail","size":0.9}},"url":"https://mail.google.com/","accent":{"by":"theme","hsl":{"h":0,"s":0,"l":0},"rgb":{"r":0,"g":0,"b":0}},"color":{"by":"theme","hsl":{"h":0,"s":0,"l":0},"rgb":{"r":0,"g":0,"b":0},"opacity":1},"background":{"show":true,"type":"image","opacity":1,"image":{"url":"https://images.unsplash.com/photo-1499382926300-90a93d2d9990?ixlib=rb-1.2.1&auto=format&fit=crop&w=500&q=80"},"video":{"url":""}},"wide":false,"tall":false,"searchMatch":false,"timeStamp":1546453110265},{"display":{"direction":"horizontal","order":"visualname","alignment":"bottomleft","gutter":2,"rotate":0,"translate":{"x":0,"y":0},"visual":{"show":true,"type":"letter","letter":{"size":1.4,"text":"DR"},"image":{"size":1.4,"url":""},"icon":{"size":1.4,"name":"","prefix":"","label":""},"shadow":{"size":0}},"name":{"show":false,"text":"Drive","size":0.9}},"url":"https://drive.google.com/drive/","accent":{"by":"theme","hsl":{"h":0,"s":0,"l":0},"rgb":{"r":0,"g":0,"b":0}},"color":{"by":"theme","hsl":{"h":0,"s":0,"l":0},"rgb":{"r":0,"g":0,"b":0},"opacity":1},"background":{"show":true,"type":"image","opacity":1,"image":{"url":"https://images.unsplash.com/photo-1500043204644-768d20653f32?ixlib=rb-1.2.1&auto=format&fit=crop&w=500&q=80"},"video":{"url":""}},"wide":false,"tall":false,"searchMatch":false,"timeStamp":1546453111953},{"display":{"direction":"horizontal","order":"visualname","alignment":"bottomleft","gutter":2,"rotate":0,"translate":{"x":0,"y":0},"visual":{"show":true,"type":"icon","letter":{"size":1.4,"text":"N"},"image":{"size":1.4,"url":""},"icon":{"size":1.4,"name":"film","prefix":"fas","label":"Film"},"shadow":{"size":0}},"name":{"show":false,"text":"Netflix","size":0.9}},"url":"https://www.netflix.com/","accent":{"by":"theme","hsl":{"h":0,"s":0,"l":0},"rgb":{"r":0,"g":0,"b":0}},"color":{"by":"theme","hsl":{"h":0,"s":0,"l":0},"rgb":{"r":0,"g":0,"b":0},"opacity":1},"background":{"show":true,"type":"image","opacity":1,"image":{"url":"https://images.unsplash.com/photo-1497100022365-1a3688dc53ec?ixlib=rb-1.2.1&ixid=eyJhcHBfaWQiOjEyMDd9&auto=format&fit=crop&w=1846&q=80"},"video":{"url":""}},"wide":false,"tall":false,"searchMatch":false,"timeStamp":1546453104460}]}]}
