{"nighttab":true,"version":"6.0.0","state":{"header":{"area":{"width":74,"justify":"center","align":"center"},"clock":{"hours":{"show":true,"display":"number"},"minutes":{"show":true,"display":"number"},"seconds":{"show":false,"display":"number"},"separator":{"show":true,"text":":"},"meridiem":{"show":true},"hour24":{"show":true},"size":1,"newLine":false},"date":{"day":{"show":true,"display":"word","weekStart":"monday","length":"long"},"date":{"show":true,"display":"number","ordinal":true},"month":{"show":true,"display":"word","length":"long","ordinal":true},"year":{"show":false,"display":"number"},"separator":{"show":true,"text":"/"},"format":"datemonth","size":1,"newLine":false},"search":{"show":false,"width":{"by":"auto","size":36},"focus":false,"engine":{"selected":"giphy","google":{"url":"https://www.google.com/search","name":"Google"},"duckduckgo":{"url":"https://duckduckgo.com/","name":"DuckDuckGo"},"youtube":{"url":"https://www.youtube.com/results?search_query=","name":"YouTube"},"giphy":{"url":"https://giphy.com/search/","name":"Giphy"},"custom":{"url":"","name":"","queryName":""},"bing":{"url":"https://www.bing.com/search?q=","name":"Bing"}},"text":{"justify":"center"},"size":1,"newLine":false,"newTab":false,"opacity":1},"greeting":{"show":false,"type":"hi","name":"zomFox!","size":1,"newLine":false},"transitional":{"show":false,"type":"its","size":1,"newLine":false},"padding":{"top":0,"bottom":0},"border":{"top":0,"bottom":0},"item":{"justify":"center"},"position":"sticky","color":{"show":true,"style":"scroll","opacity":0.95,"radius":false,"by":"theme","rgb":{"r":0,"g":0,"b":0},"hsl":{"h":0,"s":0,"l":0}},"order":["greeting","transitional","clock","date","search","editAdd","colorAccent","menu"],"menu":{"show":true,"size":1,"newLine":false,"opacity":0},"editAdd":{"show":true,"size":1,"newLine":false,"opacity":0},"colorAccent":{"dot":{"show":false},"show":true,"size":1,"newLine":false,"opacity":0}},"link":{"area":{"width":100,"gap":2,"justify":"center","direction":"ltr"},"show":true,"edit":false,"style":"block","item":{"size":1,"display":{"alignment":"centercenter","rotate":0,"translate":{"x":0,"y":0},"name":{"show":false,"size":0.9},"order":"namevisual","direction":"vertical","gutter":2,"visual":{"letter":{"size":4},"icon":{"size":4},"image":{"size":4},"shadow":{"size":0}}},"url":{"show":true},"line":{"show":false},"hoverScale":{"show":false},"newTab":false,"border":0,"shadow":{"show":false},"color":{"hsl":{"h":0,"s":0,"l":0},"rgb":{"r":0,"g":0,"b":0},"opacity":0,"by":"theme"},"accent":{"hsl":{"h":0,"s":0,"l":0},"rgb":{"r":0,"g":0,"b":0},"by":"theme"},"background":{"opacity":1}},"add":false,"orientation":"bottom","breakpoint":"sm"},"layout":{"alignment":"centercenter","width":80,"scrollPastEnd":false,"title":"New Tab","padding":4,"gutter":4,"order":"linkheader","size":0.9,"scrollbars":"auto","direction":"horizontal"},"theme":{"accent":{"random":{"active":false,"style":"any"},"rgb":{"r":51,"g":85,"b":119},"cycle":{"active":false,"speed":200,"step":10},"hsl":{"h":210,"s":40,"l":33.333333333333336}},"style":"light","radius":0,"color":{"hsl":{"h":220,"s":23,"l":43},"rgb":{"r":85,"g":102,"b":136},"contrast":{"light":5.6,"dark":3.5},"generated":{"negative":{"1":{"r":78,"g":94,"b":125},"2":{"r":71,"g":86,"b":114},"3":{"r":64,"g":77,"b":103},"4":{"r":58,"g":69,"b":92},"5":{"r":51,"g":61,"b":81},"6":{"r":44,"g":53,"b":70},"7":{"r":37,"g":44,"b":59},"8":{"r":30,"g":36,"b":48},"9":{"r":23,"g":28,"b":37},"10":{"r":16,"g":20,"b":26}},"positive":{"1":{"r":96,"g":115,"b":154},"2":{"r":112,"g":130,"b":166},"3":{"r":130,"g":146,"b":177},"4":{"r":147,"g":161,"b":188},"5":{"r":165,"g":176,"b":199},"6":{"r":183,"g":192,"b":210},"7":{"r":200,"g":207,"b":221},"8":{"r":218,"g":222,"b":232},"9":{"r":235,"g":238,"b":243},"10":{"r":253,"g":253,"b":254}}}},"font":{"display":{"name":"Abel","weight":400,"style":"normal"},"ui":{"name":"Raleway","weight":400,"style":"normal"}},"custom":{"all":[{"name":"Fresh","style":"light","font":{"display":{"name":"Abel","weight":400,"style":"normal"},"ui":{"name":"Raleway","weight":400,"style":"normal"}},"color":{"hsl":{"h":220,"s":23,"l":43},"rgb":{"r":85,"g":102,"b":136},"contrast":{"light":5.6,"dark":3.5}},"accent":{"rgb":{"r":51,"g":85,"b":119},"hsl":{"h":210,"s":40,"l":33}},"radius":0,"timestamp":1578554260345,"shadow":0.25}],"edit":false},"shadow":0.25,"shade":{"opacity":0.53}},"background":{"color":{"by":"custom","rgb":{"r":255,"g":255,"b":255},"hsl":{"h":0,"s":0,"l":0}},"visual":{"show":true,"type":"image","image":{"type":"url","file":{"name":"","data":""},"url":"https://images.unsplash.com/photo-1501769214405-5e5ee5125a02"},"video":{"url":""},"blur":0,"scale":1,"opacity":0.5,"grayscale":0,"accent":0,"vignette":{"opacity":0,"start":90,"end":70}}},"edge":false,"search":false,"menu":true,"modal":true,"autoSuggest":false,"pagelock":true,"shade":true,"group":{"area":{"justify":"left"},"name":{"size":1},"border":1,"order":"headerbody","add":false,"edit":false,"openAll":{"size":1,"opacity":1}},"dropdown":false,"edit":false},"bookmarks":[{"name":{"show":false,"text":"Cool stuff"},"items":[{"display":{"direction":"vertical","order":"namevisual","alignment":"centercenter","gutter":2,"rotate":0,"translate":{"x":0,"y":0},"visual":{"show":true,"type":"icon","letter":{"size":4,"text":"AS"},"image":{"size":4,"url":""},"icon":{"size":4,"name":"dice-d20","prefix":"fas","label":"Dice D20"},"shadow":{"size":0}},"name":{"show":false,"text":"awesomeSheet","size":0.9}},"url":"https://zombiefox.github.io/awesomeSheet/","accent":{"by":"theme","hsl":{"h":0,"s":0,"l":0},"rgb":{"r":0,"g":0,"b":0}},"color":{"by":"theme","hsl":{"h":0,"s":0,"l":0},"rgb":{"r":0,"g":0,"b":0},"opacity":0},"wide":false,"tall":false,"searchMatch":false,"timeStamp":1546453104010,"background":{"show":false,"type":"image","opacity":1,"image":{"url":""},"video":{"url":""}}},{"display":{"direction":"vertical","order":"namevisual","alignment":"centercenter","gutter":2,"rotate":0,"translate":{"x":0,"y":0},"visual":{"show":true,"type":"icon","letter":{"size":4,"text":"AZ"},"image":{"size":4,"url":""},"icon":{"size":4,"name":"amazon","prefix":"fab","label":"Amazon"},"shadow":{"size":0}},"name":{"show":false,"text":"Amazon","size":0.9}},"url":"https://www.amazon.co.uk/","accent":{"by":"theme","hsl":{"h":0,"s":0,"l":0},"rgb":{"r":0,"g":0,"b":0}},"color":{"by":"theme","hsl":{"h":0,"s":0,"l":0},"rgb":{"r":0,"g":0,"b":0},"opacity":0},"wide":false,"tall":false,"searchMatch":false,"timeStamp":1546453107633,"background":{"show":false,"type":"image","opacity":1,"image":{"url":""},"video":{"url":""}}},{"display":{"direction":"vertical","order":"namevisual","alignment":"centercenter","gutter":2,"rotate":0,"translate":{"x":0,"y":0},"visual":{"show":true,"type":"icon","letter":{"size":4,"text":"GM"},"image":{"size":4,"url":""},"icon":{"size":4,"name":"envelope","prefix":"fas","label":"Envelope"},"shadow":{"size":0}},"name":{"show":false,"text":"Gmail","size":0.9}},"url":"https://mail.google.com/","accent":{"by":"theme","hsl":{"h":0,"s":0,"l":0},"rgb":{"r":0,"g":0,"b":0}},"color":{"by":"theme","hsl":{"h":0,"s":0,"l":0},"rgb":{"r":0,"g":0,"b":0},"opacity":0},"wide":false,"tall":false,"searchMatch":false,"timeStamp":1546453110265,"background":{"show":false,"type":"image","opacity":1,"image":{"url":""},"video":{"url":""}}},{"display":{"direction":"vertical","order":"namevisual","alignment":"centercenter","gutter":2,"rotate":0,"translate":{"x":0,"y":0},"visual":{"show":true,"type":"icon","letter":{"size":4,"text":"R"},"image":{"size":4,"url":""},"icon":{"size":4,"name":"reddit-alien","prefix":"fab","label":"reddit Alien"},"shadow":{"size":0}},"name":{"show":false,"text":"Reddit","size":0.9}},"url":"https://www.reddit.com/","accent":{"by":"theme","hsl":{"h":0,"s":0,"l":0},"rgb":{"r":0,"g":0,"b":0}},"color":{"by":"theme","hsl":{"h":0,"s":0,"l":0},"rgb":{"r":0,"g":0,"b":0},"opacity":0},"wide":false,"tall":false,"searchMatch":false,"timeStamp":1546453111491,"background":{"show":false,"type":"image","opacity":1,"image":{"url":""},"video":{"url":""}}},{"display":{"direction":"vertical","order":"namevisual","alignment":"centercenter","gutter":2,"rotate":0,"translate":{"x":0,"y":0},"visual":{"show":true,"type":"icon","letter":{"size":4,"text":"N"},"image":{"size":4,"url":""},"icon":{"size":4,"name":"film","prefix":"fas","label":"Film"},"shadow":{"size":0}},"name":{"show":false,"text":"Netflix","size":0.9}},"url":"https://www.netflix.com/","accent":{"by":"theme","hsl":{"h":0,"s":0,"l":0},"rgb":{"r":0,"g":0,"b":0}},"color":{"by":"theme","hsl":{"h":0,"s":0,"l":0},"rgb":{"r":0,"g":0,"b":0},"opacity":0},"wide":false,"tall":false,"searchMatch":false,"timeStamp":1546453104460,"background":{"show":false,"type":"image","opacity":1,"image":{"url":""},"video":{"url":""}}},{"display":{"direction":"vertical","order":"namevisual","alignment":"centercenter","gutter":2,"rotate":0,"translate":{"x":0,"y":0},"visual":{"show":true,"type":"icon","letter":{"size":4,"text":"DR"},"image":{"size":4,"url":""},"icon":{"size":4,"name":"google-drive","prefix":"fab","label":"Google Drive"},"shadow":{"size":0}},"name":{"show":false,"text":"Drive","size":0.9}},"url":"https://drive.google.com/drive/","accent":{"by":"theme","hsl":{"h":0,"s":0,"l":0},"rgb":{"r":0,"g":0,"b":0}},"color":{"by":"theme","hsl":{"h":0,"s":0,"l":0},"rgb":{"r":0,"g":0,"b":0},"opacity":0},"wide":false,"tall":false,"searchMatch":false,"timeStamp":1546453111953,"background":{"show":false,"type":"image","opacity":1,"image":{"url":""},"video":{"url":""}}}],"openAll":{"show":false}},{"name":{"show":false,"text":"Dev sites"},"items":[{"display":{"direction":"vertical","order":"namevisual","alignment":"centercenter","gutter":2,"rotate":0,"translate":{"x":0,"y":0},"visual":{"show":true,"type":"icon","letter":{"size":4,"text":"DEV"},"image":{"size":4,"url":""},"icon":{"size":4,"name":"code","prefix":"fas","label":"Code"},"shadow":{"size":0}},"name":{"show":false,"text":"Devdocs","size":0.9}},"url":"http://devdocs.io/","accent":{"by":"theme","hsl":{"h":0,"s":0,"l":0},"rgb":{"r":0,"g":0,"b":0}},"color":{"by":"theme","hsl":{"h":0,"s":0,"l":0},"rgb":{"r":0,"g":0,"b":0},"opacity":0},"wide":false,"tall":false,"searchMatch":false,"timeStamp":1546453101749,"background":{"show":false,"type":"image","opacity":1,"image":{"url":""},"video":{"url":""}}},{"display":{"direction":"vertical","order":"namevisual","alignment":"centercenter","gutter":2,"rotate":0,"translate":{"x":0,"y":0},"visual":{"show":true,"type":"icon","letter":{"size":4,"text":"GIT"},"image":{"size":4,"url":""},"icon":{"size":4,"name":"github","prefix":"fab","label":"GitHub"},"shadow":{"size":0}},"name":{"show":false,"text":"Github","size":0.9}},"url":"https://github.com/","accent":{"by":"theme","hsl":{"h":0,"s":0,"l":0},"rgb":{"r":0,"g":0,"b":0}},"color":{"by":"theme","hsl":{"h":0,"s":0,"l":0},"rgb":{"r":0,"g":0,"b":0},"opacity":0},"wide":false,"tall":false,"searchMatch":false,"timeStamp":1546453108926,"background":{"show":false,"type":"image","opacity":1,"image":{"url":""},"video":{"url":""}}}],"openAll":{"show":false}}]}
